customer_id,customer_name,email,registration_date,customer_type
C0001,Allison Hill,abcgmail.com,2026-03-23,VIP
C0002,Javier Johnson,xyz@,2023-04-11,REGULAR
C0003,Meredith Barnes,zlawrence@example.org,2022-12-11,REGULAR
C0004,Gina Moore,curtis61@example.com,2024-07-05,VIP
C0005,Renee Blair,dudleynicholas@example.net,2024-01-29,PREMIUM
C0006,Lisa Hensley,janetwilliams@example.org,2024-01-18,REGULAR
C0007,Dr. Sharon James,xreid@example.org,2024-09-25,REGULAR
C0008,Michael Miles,lynchgeorge@example.net,2023-09-01,REGULAR
C0009,James Mayo,gabriellecameron@example.org,2023-07-14,VIP
C0010,Renee Morales,clarksherri@example.net,2024-04-05,REGULAR
C0011,Jonathan Wilkerson,ithomas@example.org,2026-05-12,VIP
C0012,Nicole Patterson,icox@example.net,2025-10-13,VIP
C0013,Anthony Rodriguez,laurahenderson@example.org,2024-11-09,VIP
C0014,Zachary Rice,frazierdanny@example.net,2023-11-08,REGULAR
C0015,Gina Carter,shawnmckay@example.net,2023-10-29,VIP
C0016,Pamela Romero,harrellkenneth@example.net,2025-11-26,PREMIUM
C0017,Brittany Farmer,georgetracy@example.org,2024-09-02,REGULAR
C0018,Sandra Parker,allenashley@example.org,2022-04-25,REGULAR
C0019,Rose Spence,davidalvarez@example.net,2022-12-28,REGULAR
C0020,Shane Henderson,sarahcampos@example.net,2023-04-18,REGULAR
C0021,Jennifer Powers,samuel87@example.org,2023-09-11,REGULAR
C0022,George Chapman,briannasmith@example.net,2022-01-31,VIP
C0023,Taylor Heath,palmerjoshua@example.com,2023-05-29,VIP
C0024,Miranda Khan,esanchez@example.com,2023-03-16,REGULAR
C0025,Matthew Gomez,uowens@example.org,2022-06-03,VIP
C0026,Nicholas Mcbride,wrightjames@example.com,2022-10-11,REGULAR
C0027,Donald Wright,ramosmichelle@example.net,2022-06-02,VIP
C0028,Zachary Huff,housemelinda@example.org,2025-01-15,VIP
C0029,Mr. James Brown,ysmith@example.com,2025-06-15,VIP
C0030,Michael Cross,smoore@example.org,2022-01-30,VIP
C0031,Kimberly Adkins,williamsthomas@example.net,2022-12-04,PREMIUM
C0032,Jordan York,larsonemma@example.org,2025-01-07,REGULAR
C0033,Steve Sanchez,harveyrobert@example.net,2026-05-24,PREMIUM
C0034,Taylor Harris,john62@example.net,2024-02-20,VIP
C0035,Timothy Walls,ellisyolanda@example.org,2022-03-17,PREMIUM
C0036,Katie Anderson,nicole35@example.com,2022-12-05,REGULAR
C0037,Joshua Turner,contrerasangela@example.net,2022-06-19,REGULAR
C0038,Brandy Wilson,newtoneric@example.com,2023-05-18,VIP
C0039,Christina Walters,william40@example.org,2025-03-10,PREMIUM
C0040,Amanda Cook,danagreen@example.net,2025-05-05,PREMIUM
C0041,Jessica Smith,landryhannah@example.org,2026-03-24,PREMIUM
C0042,Jacob Tran,tanderson@example.com,2021-12-03,REGULAR
C0043,Christine Wright,gomezanita@example.com,2022-11-25,REGULAR
C0044,Cynthia Martin,nicolejohnson@example.net,2024-05-30,PREMIUM
C0045,Jennifer Santiago,josephcobb@example.org,2024-11-02,REGULAR
C0046,Shannon Walker,ybailey@example.org,2023-06-25,REGULAR
C0047,Corey Murphy,rasmussenjoshua@example.net,2025-12-01,PREMIUM
C0048,William Herrera,wilsontara@example.org,2026-07-10,REGULAR
C0049,Deborah Rodriguez,yreed@example.com,2025-04-18,PREMIUM
C0050,Kayla Cruz,jonathanfletcher@example.org,2026-01-03,PREMIUM
C0051,Kimberly Ball,michaeljones@example.net,2024-05-23,VIP
C0052,Mary Martinez,william65@example.com,2024-02-06,PREMIUM
C0053,Cheryl Ortega,lbyrd@example.net,2026-06-05,REGULAR
C0054,Joshua Smith,jason99@example.net,2024-04-29,VIP
C0055,Jeremy Lewis,yleon@example.net,2023-01-11,PREMIUM
C0056,Diane Beck,clarence34@example.org,2023-04-12,VIP
C0057,Angel Riggs,gibsonolivia@example.net,2023-03-29,REGULAR
C0058,Janet Ross,dianasmith@example.org,2025-03-14,PREMIUM
C0059,Robert Dominguez,pwilliams@example.org,2025-06-20,REGULAR
C0060,John Schmidt,stephanie79@example.net,2025-11-17,VIP
C0061,Terry Griffin,juliawells@example.com,2023-09-09,PREMIUM
C0062,Destiny Strickland,rsims@example.com,2022-03-30,VIP
C0063,Cynthia Rogers,taylorjesse@example.net,2022-11-19,VIP
C0064,Amy Russell,nperry@example.com,2024-11-24,PREMIUM
C0065,Lauren Dominguez,wwoods@example.com,2024-11-25,VIP
C0066,Tiffany Barnes,tracynelson@example.com,2021-10-31,REGULAR
C0067,Michael Yates,marycalhoun@example.net,2026-02-16,VIP
C0068,James Elliott,millerroy@example.com,2023-02-17,REGULAR
C0069,James Lewis,matthew64@example.com,2023-09-24,REGULAR
C0070,Julie Curry,cookemichael@example.net,2022-03-03,VIP
C0071,Marissa Webster,jamessmith@example.org,2023-08-13,REGULAR
C0072,Michael Elliott,stevenscott@example.com,2023-01-05,PREMIUM
C0073,Tracey Higgins,tamirodriguez@example.org,2024-03-28,REGULAR
C0074,Susan Brooks,charlesvaughn@example.net,2023-08-26,REGULAR
C0075,Raymond Jefferson,hoganashlee@example.org,2024-07-15,REGULAR
C0076,Mary Jones,alexander67@example.org,2025-04-09,PREMIUM
C0077,Madison Poole,ryangross@example.net,2023-11-19,PREMIUM
C0078,Tamara Hampton,ugraham@example.net,2023-11-13,PREMIUM
C0079,David Michael,nicole37@example.net,2024-10-22,VIP
C0080,Johnny Nguyen,zlewis@example.com,2024-06-24,PREMIUM
C0081,Kyle Beard,blackjames@example.org,2025-01-15,REGULAR
C0082,Peter Vaughn Dds,bwest@example.org,2024-02-02,PREMIUM
C0083,Michael Torres,thomas85@example.com,2026-04-07,PREMIUM
C0084,Michael Nelson,jerry35@example.org,2026-02-21,REGULAR
C0085,Melissa Lee,lhill@example.net,2023-12-29,VIP
C0086,Dr. Elizabeth Ward,alexis82@example.com,2021-12-21,PREMIUM
C0087,Kristen Terry,danamullins@example.org,2021-09-09,VIP
C0088,Julie Alexander,tammyking@example.com,2022-07-22,VIP
C0089,Jennifer Jones,hernandezlisa@example.com,2022-04-23,VIP
C0090,Bailey Duran Dds,kimberlyjames@example.com,2024-02-11,REGULAR
C0091,Wanda Torres,lynchjody@example.org,2023-05-19,VIP
C0092,Brad Allen,moorericky@example.net,2025-07-31,VIP
C0093,David Mann,ojones@example.com,2023-04-08,REGULAR
C0094,Joshua Holland,margaret10@example.org,2024-03-14,VIP
C0095,Samantha Morse,smartinez@example.com,2025-01-03,VIP
C0096,Kathryn Snyder,georgepamela@example.net,2024-04-29,REGULAR
C0097,Allison Perez,keyemily@example.com,2026-06-27,REGULAR
C0098,Peter Ruiz,lmoon@example.net,2025-04-17,PREMIUM
C0099,Katherine Davis,ricky51@example.org,2024-05-22,PREMIUM
C0100,Jon Bates,jcervantes@example.org,2025-06-15,PREMIUM
C0101,David Wilson,ahancock@example.net,2026-03-14,VIP
C0102,Anthony Stone,wgarrett@example.org,2023-04-26,VIP
C0103,Carlos Roberts,omartinez@example.net,2023-08-15,VIP
C0104,Emily Smith,hdavis@example.com,2022-08-01,REGULAR
C0105,Brittany Cantu,william46@example.com,2025-08-08,VIP
C0106,Juan Reyes,michellehill@example.com,2024-06-22,PREMIUM
C0107,Katie Hoover,jessica99@example.net,2025-10-01,REGULAR
C0108,Jill Washington,andrea86@example.com,2024-04-27,REGULAR
C0109,Veronica Allen,xhall@example.com,2021-12-15,REGULAR
C0110,John Mcintyre,qhughes@example.net,2022-11-17,PREMIUM
C0111,Andrew Shaw Md,sawyerscott@example.net,2025-06-21,PREMIUM
C0112,Charles Pitts,charlesharrington@example.com,2024-06-18,PREMIUM
C0113,Jennifer Miller,melissa86@example.com,2025-09-26,REGULAR
C0114,Amanda Jones,wendy16@example.org,2022-06-10,REGULAR
C0115,Michael Berger,nguyenbrian@example.com,2024-10-09,VIP
C0116,David Jenkins,georgemiller@example.com,2023-08-20,VIP
C0117,Mr. David Little Md,nolansteven@example.com,2026-03-27,PREMIUM
C0118,Jeremy Reed,danielle64@example.com,2024-02-26,REGULAR
C0119,James Webb,patrickhoward@example.com,2024-02-05,VIP
C0120,Ronald Foster,knightgina@example.net,2022-01-01,PREMIUM
C0121,Natasha Wall,kimberly39@example.com,2023-06-13,PREMIUM
C0122,Lisa Byrd,courtneyberger@example.net,2021-12-02,VIP
C0123,Jeremiah Riley,christopherphillips@example.net,2025-02-12,PREMIUM
C0124,Carlos Ryan,alyssa42@example.com,2025-09-07,REGULAR
C0125,Elizabeth Harrell,mcdonaldcharles@example.org,2024-12-18,PREMIUM
C0126,Regina Diaz,ismith@example.org,2025-06-14,REGULAR
C0127,Paul Baker,xcarson@example.org,2023-07-29,REGULAR
C0128,Manuel Hahn,rose31@example.net,2025-07-14,VIP
C0129,Elizabeth Ortiz,brandonjohnson@example.com,2022-07-28,VIP
C0130,Stephen Taylor,vwatson@example.net,2026-03-07,VIP
C0131,Patrick Moore,fpena@example.net,2025-01-20,PREMIUM
C0132,Diana Vaughn,scottsampson@example.com,2022-06-06,VIP
C0133,Mrs. Stephanie Newman,sandersjames@example.org,2025-06-14,VIP
C0134,Daniel Fowler,williamsmatthew@example.org,2026-05-22,PREMIUM
C0135,Ronald Spencer,lisahall@example.org,2021-08-10,VIP
C0136,William Huerta,lauren10@example.org,2021-09-17,PREMIUM
C0137,Richard Chapman,thompsonbrian@example.net,2025-03-01,PREMIUM
C0138,Nichole Alvarez,william17@example.net,2023-06-21,REGULAR
C0139,Amanda Logan,stephen00@example.com,2024-12-31,REGULAR
C0140,Brian Joseph,fjones@example.com,2022-11-05,VIP
C0141,Donald Schultz,oscar98@example.com,2025-06-11,PREMIUM
C0142,Jessica Mcguire,farrelldebra@example.net,2023-06-01,REGULAR
C0143,Stephen Gutierrez,uross@example.org,2024-03-30,REGULAR
C0144,Maurice Brooks,gloriawells@example.org,2022-04-24,REGULAR
C0145,Brent Rodgers,angelawillis@example.net,2026-05-13,REGULAR
C0146,Bryan Gomez,uparrish@example.org,2024-01-12,VIP
C0147,Heather Lane,ericolson@example.org,2024-07-24,REGULAR
C0148,Holly Farmer,lindsaybruce@example.net,2026-04-27,VIP
C0149,Timothy Gallegos,anthony44@example.com,2024-07-27,PREMIUM
C0150,Sergio Knight,vjones@example.net,2021-11-05,VIP
C0151,Joseph Bennett,xpeterson@example.com,2024-05-05,REGULAR
C0152,Latoya Miller,moorekaren@example.org,2022-04-12,PREMIUM
C0153,Matthew Tucker,nperry@example.net,2022-07-21,PREMIUM
C0154,Brian Gregory,trose@example.org,2023-06-18,VIP
C0155,Kyle Smith,sierra24@example.com,2024-05-17,PREMIUM
C0156,Jonathan Jordan,omarpadilla@example.net,2026-05-03,VIP
C0157,Renee Jones,grahamsteve@example.org,2024-03-31,PREMIUM
C0158,Laura Mckinney,zroberts@example.org,2024-05-07,VIP
C0159,Travis Stevens,christopher13@example.com,2024-12-28,REGULAR
C0160,Jennifer Collins,jeffrey21@example.net,2022-07-22,VIP
C0161,Cheyenne Parsons,jessica23@example.org,2022-10-30,VIP
C0162,Christopher Hernandez,thompsonkendra@example.com,2025-07-13,REGULAR
C0163,Olivia Cole,michelle52@example.com,2022-03-02,VIP
C0164,Mark Hogan,bellcharles@example.com,2025-06-06,VIP
C0165,Jacob Mitchell,gilbertwilliam@example.com,2026-07-10,PREMIUM
C0166,Rebecca Huang,kstout@example.net,2023-03-09,VIP
C0167,John Hernandez,hayeslisa@example.com,2022-04-21,PREMIUM
C0168,Carrie Wright,hritter@example.net,2022-12-08,REGULAR
C0169,Thomas Hughes,erika05@example.org,2024-05-22,PREMIUM
C0170,Michael Mitchell,mathewaguilar@example.org,2024-07-23,PREMIUM
C0171,Matthew Bates,brookehurley@example.com,2026-05-04,REGULAR
C0172,Rickey Li,lucasrodney@example.com,2021-09-27,PREMIUM
C0173,Christopher Lewis,ilee@example.org,2022-03-29,REGULAR
C0174,Richard Romero,stanleynancy@example.net,2022-09-13,VIP
C0175,Brittany White,jenniferwilliams@example.com,2023-08-09,VIP
C0176,Lisa Goodwin,pyoung@example.com,2025-07-29,PREMIUM
C0177,Cheyenne Gregory,smurray@example.com,2025-11-11,VIP
C0178,Tracy Montoya,moniquewilliams@example.com,2024-09-28,REGULAR
C0179,Ashley Singleton,mitchellkathryn@example.com,2025-05-28,VIP
C0180,Brittany Kim,lisawilkerson@example.org,2025-02-11,REGULAR
C0181,Jonathan Young,brooksanthony@example.org,2024-06-08,VIP
C0182,Brenda Mitchell,ihorton@example.net,2025-07-29,PREMIUM
C0183,Aaron Miller,jason28@example.net,2026-01-27,VIP
C0184,Ricardo Young,williamsrobert@example.net,2025-06-22,VIP
C0185,Russell Porter,chenbailey@example.net,2022-10-22,VIP
C0186,Aaron Gomez,qlopez@example.org,2026-01-14,REGULAR
C0187,Andrea Fox,myerstheodore@example.net,2024-11-15,REGULAR
C0188,Mrs. Alexis Kramer,john19@example.net,2024-05-31,PREMIUM
C0189,Harold Morgan,mariacohen@example.net,2025-08-27,REGULAR
C0190,Robin Brown,mjohnson@example.org,2023-04-13,VIP
C0191,Emily Collins,ihays@example.com,2023-09-28,VIP
C0192,Matthew Mitchell,glennmartin@example.org,2024-09-18,REGULAR
C0193,James Gonzales,lmorgan@example.com,2025-10-25,VIP
C0194,Robert Adams,acostachristian@example.net,2023-02-13,PREMIUM
C0195,Erica Miller,kirk96@example.org,2025-05-12,PREMIUM
C0196,Andrew Berg,christina64@example.net,2022-01-27,REGULAR
C0197,Mark Cox,stephaniethomas@example.net,2025-04-24,REGULAR
C0198,Austin Osborne,michael90@example.net,2022-11-21,PREMIUM
C0199,Tiffany Watson,berryalyssa@example.com,2024-04-04,PREMIUM
C0200,Danielle Wilson,victorhughes@example.net,2022-08-02,REGULAR
C0201,David Griffin,heather73@example.org,2022-09-27,REGULAR
C0202,Jodi Roach,zosborn@example.net,2024-04-20,REGULAR
C0203,Michelle Pierce,patricia22@example.com,2025-11-29,VIP
C0204,William Conner,kristyjohnson@example.net,2026-06-15,REGULAR
C0205,Robert Arnold,jonesraymond@example.net,2025-08-28,REGULAR
C0206,Patricia Morrow,martinezlogan@example.org,2025-05-31,VIP
C0207,Joseph Anderson,katrinaanderson@example.net,2022-01-21,PREMIUM
C0208,Kelly Torres,marcusfletcher@example.com,2025-12-31,REGULAR
C0209,Sarah King,david49@example.net,2022-05-19,VIP
C0210,Caroline David,georgeweber@example.net,2024-06-15,REGULAR
C0211,Kristy Bryan,millerstacy@example.net,2023-11-02,REGULAR
C0212,Pamela Butler,jimenezcourtney@example.com,2024-02-26,VIP
C0213,Dr. Michael Evans,barkereric@example.com,2025-09-14,PREMIUM
C0214,Gerald Thomas,jessica56@example.org,2024-09-26,VIP
C0215,Ashley Allen,adamsjohn@example.org,2022-01-06,REGULAR
C0216,James Gilbert,sydneybarrera@example.com,2026-07-01,PREMIUM
C0217,Cheryl Moore,tjimenez@example.com,2021-10-13,VIP
C0218,James Bryant,jasongomez@example.org,2023-12-24,VIP
C0219,Stephen Pena Md,booneryan@example.com,2024-09-11,PREMIUM
C0220,Holly Morales,michaelroberts@example.com,2025-11-15,REGULAR
C0221,Joshua Bryan,andersoncolin@example.com,2024-06-20,VIP
C0222,Holly Thomas,cporter@example.org,2022-10-01,VIP
C0223,Regina Stone,catherinerobertson@example.com,2024-04-17,VIP
C0224,William Stevenson,brittney88@example.net,2025-10-01,REGULAR
C0225,Elizabeth Cabrera,mark16@example.net,2024-03-14,VIP
C0226,Molly Watts,carlsonjoseph@example.net,2026-07-04,PREMIUM
C0227,Mikayla Silva,alexandriagriffith@example.com,2022-11-04,PREMIUM
C0228,Dana Armstrong,leescott@example.com,2022-11-15,VIP
C0229,Damon Shaw,vsalas@example.net,2022-02-11,VIP
C0230,Kelly Hoffman,ufox@example.org,2025-06-30,PREMIUM
C0231,Gloria Gomez,chelsea33@example.com,2026-05-01,PREMIUM
C0232,Todd Hendrix,janet75@example.com,2024-07-20,VIP
C0233,Taylor Griffith,david86@example.com,2024-07-09,PREMIUM
C0234,Regina Roberts,stephanie15@example.com,2023-10-07,REGULAR
C0235,Cindy Clayton,sarah42@example.org,2026-07-30,REGULAR
C0236,Anthony Stein,danawilliams@example.com,2024-05-24,REGULAR
C0237,Ashlee Townsend,oconnelltiffany@example.org,2025-01-17,REGULAR
C0238,Shirley Alvarez,katelynmitchell@example.com,2022-02-01,PREMIUM
C0239,Ann Andrews,gentrygregory@example.org,2021-11-22,REGULAR
C0240,Jennifer Simpson Dvm,nancy04@example.net,2022-07-01,VIP
C0241,Frances Gibson,ismall@example.net,2025-07-26,VIP
C0242,Robert Rivera,twong@example.org,2021-09-14,REGULAR
C0243,Rachel Bradley,gregorychase@example.com,2025-03-22,VIP
C0244,Angie Caldwell,tinawoods@example.org,2021-08-23,REGULAR
C0245,David Molina,kevin90@example.com,2024-08-23,REGULAR
C0246,Amy Wilson,erik84@example.net,2022-08-01,REGULAR
C0247,Teresa Richardson,jeffreyanderson@example.org,2025-06-15,VIP
C0248,Lisa Perry,ztodd@example.net,2023-06-11,VIP
C0249,Melanie Larson,foxallison@example.com,2022-04-01,REGULAR
C0250,Ashley Poole,ashleyhernandez@example.com,2026-01-04,REGULAR
C0251,Michael Love,gdavis@example.com,2022-01-21,REGULAR
C0252,Jose Bryant,hansenemily@example.com,2021-10-08,REGULAR
C0253,Robert Reese,williamsmelvin@example.org,2026-03-10,PREMIUM
C0254,Taylor Jones Dvm,mitchellhector@example.org,2025-02-28,REGULAR
C0255,Steven West,rbennett@example.net,2026-03-04,VIP
C0256,Scott Wilson,urice@example.org,2021-08-12,REGULAR
C0257,Veronica Ford,opatel@example.org,2025-07-03,PREMIUM
C0258,Donald Pineda,johnsondonna@example.net,2021-09-19,VIP
C0259,Austin Wheeler,tharper@example.org,2023-09-01,PREMIUM
C0260,Jennifer Young,karenparsons@example.org,2025-11-14,REGULAR
C0261,Cynthia Hendricks Dds,joel28@example.org,2025-02-06,VIP
C0262,Antonio Fry,conniesimmons@example.com,2021-12-25,REGULAR
C0263,Teresa Powers,heather62@example.com,2024-10-14,VIP
C0264,Joshua Allen,kevinzimmerman@example.com,2022-01-28,VIP
C0265,Tracy Grant,paulscott@example.com,2022-04-04,VIP
C0266,Sarah Davis,brettbennett@example.net,2021-12-02,PREMIUM
C0267,Chelsea Gill,timothybooth@example.com,2024-02-29,REGULAR
C0268,Alexis Giles,burgesskaren@example.org,2023-04-29,PREMIUM
C0269,David Morris,oscar85@example.com,2023-10-23,PREMIUM
C0270,Stephen Owens,ugill@example.org,2024-09-26,REGULAR
C0271,Angel Shields,allentran@example.net,2026-07-06,REGULAR
C0272,Elizabeth Gonzalez,noahwhitaker@example.com,2026-04-08,REGULAR
C0273,Melinda Scott,plevy@example.net,2025-10-04,VIP
C0274,Nicholas Bell,jenniferfreeman@example.net,2022-01-31,PREMIUM
C0275,Sara Jones,duranrobert@example.net,2023-07-22,PREMIUM
C0276,Chris Robinson,nbrooks@example.net,2025-09-11,PREMIUM
C0277,Alexis Patel,hsmith@example.net,2023-12-03,PREMIUM
C0278,Donna Shaw,ldrake@example.org,2022-05-28,PREMIUM
C0279,Daisy Harvey,lisa46@example.org,2024-10-04,VIP
C0280,Judy Sanchez,kevinclayton@example.org,2021-11-08,REGULAR
C0281,James Tran,walshjacqueline@example.org,2025-11-02,VIP
C0282,Maria Rivera,jacobsonsamantha@example.org,2023-05-20,VIP
C0283,Melissa Knight,brandon14@example.net,2026-05-18,VIP
C0284,Cassie Jefferson,alibrenda@example.net,2024-12-21,REGULAR
C0285,Elizabeth Elliott,irhodes@example.com,2024-11-06,REGULAR
C0286,Brenda Hinton,masonterri@example.org,2022-06-01,PREMIUM
C0287,Ryan Peterson,unovak@example.org,2023-11-29,VIP
C0288,Joanne Perez,rreynolds@example.net,2024-10-25,PREMIUM
C0289,Luke Yates,millereric@example.net,2022-11-24,REGULAR
C0290,Emily Rodriguez,hahnsean@example.com,2022-06-15,REGULAR
C0291,Cody Cole,fgarcia@example.com,2026-04-19,REGULAR
C0292,Kyle Nguyen,asmith@example.com,2022-04-22,REGULAR
C0293,Kristin Haney,ashleyjackson@example.com,2023-01-10,VIP
C0294,Eric Snyder,jacksonjoshua@example.com,2025-09-14,PREMIUM
C0295,Heather Raymond,mwheeler@example.com,2022-06-30,REGULAR
C0296,Adam Foster,vbrock@example.com,2024-06-06,PREMIUM
C0297,Rodney Curtis,kevinmorrison@example.net,2023-04-18,REGULAR
C0298,Christopher Sanders,kelly79@example.org,2024-05-10,PREMIUM
C0299,Robert Long,frederickjames@example.net,2023-02-12,PREMIUM
C0300,Krista Benton,nhahn@example.com,2024-01-24,REGULAR
C0301,Andrea Abbott,ichambers@example.net,2024-02-28,REGULAR
C0302,Matthew Espinoza,mjones@example.com,2026-07-15,PREMIUM
C0303,Jonathon Knapp,ystephens@example.com,2026-02-25,VIP
C0304,Suzanne Rodriguez,dianekelly@example.net,2021-12-17,REGULAR
C0305,Maria Lucas,tammy61@example.org,2022-06-04,REGULAR
C0306,Jorge Stone,seanmyers@example.net,2025-11-03,VIP
C0307,Zachary Webb,robert11@example.net,2022-10-16,VIP
C0308,Grant Mueller,gbailey@example.com,2025-06-07,REGULAR
C0309,Eric Patrick,johnsonmatthew@example.org,2022-12-25,REGULAR
C0310,Natalie Black,marksimmons@example.com,2023-07-23,REGULAR
C0311,Lori Lopez,vfoster@example.net,2023-04-07,REGULAR
C0312,Jeffrey Smith,jamiegoodwin@example.org,2026-06-30,PREMIUM
C0313,Shane Lopez,james14@example.net,2025-09-30,PREMIUM
C0314,Margaret Harper,wmatthews@example.com,2025-06-24,PREMIUM
C0315,Robin Mccarthy,samantha91@example.net,2022-09-22,REGULAR
C0316,David Wilson,heather86@example.com,2022-10-04,PREMIUM
C0317,Jenny Tucker,angelaburns@example.org,2023-03-06,REGULAR
C0318,Jerry Brown,stephanie72@example.org,2024-11-06,REGULAR
C0319,Kathy Simpson,cperry@example.com,2023-01-03,PREMIUM
C0320,Andre Juarez,antonio38@example.com,2023-01-06,REGULAR
C0321,Krystal Barton,hdunn@example.net,2022-07-22,PREMIUM
C0322,Joshua Ritter,wolfscott@example.org,2025-03-14,PREMIUM
C0323,Ronald Potter,nancy07@example.com,2024-07-19,PREMIUM
C0324,Angie Grimes,rowejoel@example.net,2026-08-02,PREMIUM
C0325,Shannon Bishop,imartin@example.org,2023-05-06,PREMIUM
C0326,Laura Patel,mariopadilla@example.com,2026-06-16,VIP
C0327,Scott Duke,taylorkaren@example.com,2022-02-02,VIP
C0328,Sharon Martinez Dvm,dustinmorris@example.org,2024-12-04,VIP
C0329,Kenneth Adams Md,yjones@example.org,2025-01-04,VIP
C0330,Diana Mayer,shawn75@example.net,2021-08-09,VIP
C0331,Sarah Davis,sreid@example.com,2022-02-14,PREMIUM
C0332,Jennifer Donaldson,troymorris@example.com,2024-06-16,REGULAR
C0333,Bianca Phelps,patricia00@example.org,2025-06-29,REGULAR
C0334,Timothy Moore,bsmith@example.org,2022-09-15,PREMIUM
C0335,Elizabeth Baxter,clarence54@example.org,2024-09-30,REGULAR
C0336,Mariah Williams,jessica36@example.net,2022-05-12,REGULAR
C0337,April Woods,brittneystone@example.com,2021-08-30,VIP
C0338,Greg Martinez,ebenson@example.org,2023-07-14,VIP
C0339,Nicholas Garcia,michael42@example.com,2022-09-19,VIP
C0340,Megan Jones,bishopfrank@example.com,2023-05-25,REGULAR
C0341,Brittany Jenkins,fheath@example.org,2022-10-11,VIP
C0342,Leah Cruz,iedwards@example.org,2023-12-10,PREMIUM
C0343,Danielle Burke,kimberly04@example.org,2025-12-27,REGULAR
C0344,Chelsea Myers,bowerslaura@example.org,2025-10-17,REGULAR
C0345,David Little,ricetiffany@example.com,2024-04-11,VIP
C0346,Scott Carroll,amy27@example.org,2021-09-22,PREMIUM
C0347,Alexis Lewis,fryraymond@example.com,2025-11-05,VIP
C0348,Jessica Morales,joshuacollins@example.net,2023-04-25,VIP
C0349,Brittney Murphy,collinssamuel@example.org,2022-01-28,REGULAR
C0350,Tim Wilson,parkerjudith@example.net,2023-01-29,REGULAR
C0351,Michael Miles,tylerreed@example.net,2023-10-16,VIP
C0352,Cameron Norman,jessica10@example.com,2025-03-27,REGULAR
C0353,Austin Joseph,crawfordwilliam@example.org,2025-11-01,REGULAR
C0354,Carol Moore,shannonemily@example.org,2023-07-12,REGULAR
C0355,April Trevino,sanchezthomas@example.com,2022-11-11,VIP
C0356,Tyler Johnson,pwalker@example.com,2024-04-22,REGULAR
C0357,Blake Watson,whitelinda@example.org,2024-12-29,VIP
C0358,John Campbell,mark87@example.org,2024-09-21,REGULAR
C0359,Justin Torres,stevenvargas@example.com,2023-04-01,PREMIUM
C0360,Kimberly Flynn,adamortiz@example.org,2026-03-11,REGULAR
C0361,Ryan Wiley,aaron64@example.org,2023-05-01,VIP
C0362,Cynthia Vasquez,kaufmandouglas@example.com,2022-05-18,REGULAR
C0363,David Bruce,xhaynes@example.com,2022-04-22,VIP
C0364,Kathy Walsh,kjones@example.org,2025-04-14,VIP
C0365,Bianca Carter,sara65@example.com,2025-06-08,REGULAR
C0366,Benjamin Harris,moorefrank@example.com,2024-04-03,VIP
C0367,Joshua Oconnell,shannonford@example.org,2022-05-09,REGULAR
C0368,Michael Mckenzie,lewismelissa@example.org,2022-05-12,PREMIUM
C0369,Tracy Foster,byrdjorge@example.org,2021-11-06,VIP
C0370,Sarah Hawkins,codygarcia@example.org,2022-08-14,VIP
C0371,Ronald Haas,jamesmorales@example.net,2022-04-20,VIP
C0372,Deanna Hess,osbornjames@example.net,2025-05-10,VIP
C0373,Anna Boone,david70@example.org,2026-06-19,PREMIUM
C0374,Nathaniel Crawford,lvega@example.com,2023-05-31,PREMIUM
C0375,Denise Griffin,austinharvey@example.org,2024-02-04,REGULAR
C0376,Dr. John Miller Md,zgonzalez@example.net,2023-09-15,VIP
C0377,Rebekah Norton,wcasey@example.com,2026-03-20,VIP
C0378,Hailey Cunningham,paul20@example.com,2023-06-13,PREMIUM
C0379,Robert Campbell,xmoreno@example.net,2023-07-26,REGULAR
C0380,Ariel Sandoval,amanda03@example.net,2024-11-20,PREMIUM
C0381,Ryan Bruce,joelstewart@example.net,2024-08-20,PREMIUM
C0382,Alyssa Haynes,annalopez@example.com,2026-03-13,REGULAR
C0383,John Davis,carolynsmith@example.com,2021-08-04,VIP
C0384,Lucas Drake,jennifer50@example.org,2022-11-03,VIP
C0385,Sylvia Schroeder,susan56@example.net,2022-06-11,PREMIUM
C0386,Frank Daugherty,fconner@example.net,2024-04-13,PREMIUM
C0387,Wayne Steele,jeffrey92@example.com,2024-03-12,PREMIUM
C0388,Elizabeth Thompson,rushstacy@example.com,2026-05-31,REGULAR
C0389,Lance Mccall,daniellegarcia@example.com,2022-10-12,REGULAR
C0390,Blake Reed,gary15@example.com,2021-09-06,PREMIUM
C0391,David Jones,kristin00@example.com,2025-04-24,VIP
C0392,Tracy Wilkerson,wmacias@example.net,2024-10-11,VIP
C0393,John Shields,franciscojones@example.org,2024-02-04,REGULAR
C0394,Dean Garcia,george62@example.net,2022-03-23,REGULAR
C0395,Stephanie Davis,bbush@example.net,2022-12-27,VIP
C0396,Jessica Brown,jamie36@example.net,2026-04-19,REGULAR
C0397,Monica Baker,kenneth10@example.com,2026-06-13,VIP
C0398,Katherine Brown,pattersonkelly@example.net,2025-09-02,PREMIUM
C0399,Alexander Jackson,tiffany71@example.com,2024-12-18,REGULAR
C0400,Steven Baker,ylopez@example.com,2023-03-04,PREMIUM
C0401,Dennis Marshall,maryelliott@example.org,2022-05-29,REGULAR
C0402,Gregg Weaver,angelarandall@example.net,2025-02-22,REGULAR
C0403,Melissa Mayer,thomasmiller@example.net,2021-11-17,PREMIUM
C0404,Stephanie Mcbride,davidtodd@example.org,2023-01-03,PREMIUM
C0405,Rhonda Martinez,rmiller@example.com,2023-04-21,REGULAR
C0406,Lori Flowers Md,millerangela@example.net,2024-05-11,PREMIUM
C0407,Kelly Stark,buchanancindy@example.net,2025-02-25,VIP
C0408,Chase Knight,buckleyanna@example.org,2024-01-07,VIP
C0409,Sheryl Humphrey,patrick79@example.net,2025-08-10,PREMIUM
C0410,Donald Thomas,vwilliams@example.net,2023-08-10,VIP
C0411,John Adams,andrew44@example.com,2025-10-07,VIP
C0412,Melinda Compton,dennismccann@example.com,2024-04-24,VIP
C0413,Jason Brewer,scottmcintyre@example.com,2025-09-15,REGULAR
C0414,Sharon Nicholson,cameronmckinney@example.com,2022-09-27,VIP
C0415,Kelly Carroll,jameswhitaker@example.org,2023-09-16,VIP
C0416,Anthony Ward,joshuacolon@example.net,2024-12-17,PREMIUM
C0417,Becky Johnson,tracy72@example.com,2026-07-30,VIP
C0418,Hailey Monroe,kaitlyn14@example.org,2024-11-15,REGULAR
C0419,Scott Chan,mercedesholland@example.net,2023-05-06,REGULAR
C0420,Jason Smith,wellsdavid@example.org,2021-08-28,PREMIUM
C0421,Lee Hahn,rodney65@example.com,2023-09-23,REGULAR
C0422,Eric Meyer,asilva@example.net,2024-10-07,REGULAR
C0423,Linda Campbell,olsonmatthew@example.com,2024-05-08,VIP
C0424,Debbie Dawson,jacob83@example.org,2025-01-08,VIP
C0425,Melanie Griffith,qbright@example.com,2025-01-10,REGULAR
C0426,Andrew Erickson,matthewreeves@example.net,2026-02-18,PREMIUM
C0427,Karen Shepard,william28@example.org,2024-01-31,PREMIUM
C0428,Carl Green,staceylam@example.net,2022-05-06,VIP
C0429,Daniel Savage,vfrench@example.com,2023-10-20,REGULAR
C0430,Julie Wilson,delacruzbrandy@example.net,2022-03-11,VIP
C0431,Cory Wilson,amoreno@example.org,2022-11-13,PREMIUM
C0432,Curtis Ortiz,tthomas@example.org,2022-04-10,REGULAR
C0433,Mr. Christopher Walters,hayesjason@example.org,2026-06-27,VIP
C0434,Katherine Gallagher,andersonryan@example.com,2025-01-06,VIP
C0435,John Smith,jessicadodson@example.com,2026-02-06,PREMIUM
C0436,Michael Sims,jeremywiley@example.com,2022-09-06,VIP
C0437,Jonathan Torres,colonkenneth@example.com,2025-06-18,PREMIUM
C0438,Linda Morgan,matthewvalenzuela@example.com,2023-03-10,PREMIUM
C0439,Terry Burnett,perezjessica@example.org,2023-05-20,REGULAR
C0440,Leah Jackson,jennifer06@example.net,2023-10-05,REGULAR
C0441,Lisa Wheeler,stanleydesiree@example.org,2021-12-29,VIP
C0442,Jennifer James,thomas23@example.net,2021-08-30,PREMIUM
C0443,Matthew Bates,cindy26@example.org,2025-12-08,PREMIUM
C0444,Autumn Wilson,jimenezchelsea@example.com,2026-01-13,REGULAR
C0445,Heather Ortiz,benjamincrawford@example.org,2025-09-03,REGULAR
C0446,Aaron Powers,conleyelizabeth@example.org,2022-05-08,PREMIUM
C0447,Angela Cummings,dawn74@example.com,2025-07-14,REGULAR
C0448,Robert Sawyer,michael56@example.net,2022-07-28,VIP
C0449,Peter Williams,elizabethjackson@example.com,2025-04-22,PREMIUM
C0450,Debra Quinn,lisa21@example.com,2024-12-27,REGULAR
C0451,Denise Cruz,pmarsh@example.org,2022-07-19,VIP
C0452,Nicholas Jarvis,dalepruitt@example.com,2026-06-04,PREMIUM
C0453,Catherine James,cheryl27@example.com,2022-07-18,VIP
C0454,Jessica Brown,alexander89@example.net,2026-05-23,VIP
C0455,Tyler Marks,reynoldsjessica@example.com,2024-07-11,PREMIUM
C0456,Margaret Hernandez,smithsarah@example.net,2025-07-30,VIP
C0457,Sheila Jones,vflores@example.com,2022-01-05,REGULAR
C0458,Krista Gray,christianwallace@example.net,2025-05-25,REGULAR
C0459,Jonathan Stewart,bmcgee@example.org,2025-01-06,REGULAR
C0460,Justin Smith,connersylvia@example.net,2024-03-05,VIP
C0461,Kristina Pena,xclements@example.org,2023-06-25,REGULAR
C0462,Evelyn Saunders,xmoran@example.net,2025-06-07,VIP
C0463,Peter Walker,michael48@example.net,2024-10-06,REGULAR
C0464,Amber Martin,lydianewton@example.com,2022-06-30,PREMIUM
C0465,Craig Martinez,ylewis@example.org,2024-06-16,VIP
C0466,Jason House,bartonshannon@example.net,2025-11-15,VIP
C0467,Jonathan Moreno,tranryan@example.net,2025-09-10,REGULAR
C0468,Priscilla Kent,jessicaanderson@example.com,2024-04-27,PREMIUM
C0469,Janice Petty,joshuastuart@example.com,2025-06-08,REGULAR
C0470,Brenda Morrison,megan85@example.net,2026-04-17,REGULAR
C0471,Christina Weber,glenda22@example.net,2026-03-14,PREMIUM
C0472,Erica Wilson,anna99@example.net,2025-02-19,PREMIUM
C0473,Stephanie Ferguson,hstokes@example.org,2021-10-19,REGULAR
C0474,Anthony Brown,karen24@example.net,2023-09-19,PREMIUM
C0475,Antonio Mueller,karenjohnson@example.com,2022-06-16,REGULAR
C0476,Megan Hoffman,juliahoffman@example.org,2025-12-06,VIP
C0477,Rebecca Roberts,housepaul@example.net,2024-03-30,REGULAR
C0478,Amy Manning,christinenorman@example.com,2023-07-03,VIP
C0479,Michele Holland,kimberlybrandt@example.com,2025-05-27,REGULAR
C0480,Michael Lopez,jillwilson@example.org,2025-03-25,PREMIUM
C0481,Dennis Martin,adam72@example.org,2022-11-22,VIP
C0482,Linda Ayala,tracy98@example.com,2022-03-16,PREMIUM
C0483,Emily Robinson,abigailhartman@example.org,2025-02-14,VIP
C0484,Jennifer Bailey,elizabethrivera@example.com,2023-06-11,VIP
C0485,Lisa Wells,wilsonmichael@example.org,2023-08-29,REGULAR
C0486,Melanie Flores,cruzamber@example.com,2021-10-17,REGULAR
C0487,Samantha Brooks,stucker@example.net,2023-03-23,REGULAR
C0488,Bradley Davis,simsjason@example.net,2023-05-26,REGULAR
C0489,Jessica Garcia,elucas@example.net,2022-11-22,PREMIUM
C0490,Mitchell Johnson,brownlaura@example.net,2022-03-08,REGULAR
C0491,Crystal Green,zhayes@example.com,2024-04-11,REGULAR
C0492,Michael Nichols,avilabrenda@example.net,2022-03-15,VIP
C0493,Jonathan Roberts,catherine47@example.com,2024-12-11,PREMIUM
C0494,Amanda Moore,derekmyers@example.net,2024-02-04,PREMIUM
C0495,Brianna Byrd,susan08@example.net,2022-10-15,VIP
C0496,Aaron Carlson,torreskaitlin@example.net,2024-07-05,VIP
C0497,Taylor York,eugenewalker@example.com,2023-03-28,REGULAR
C0498,Michael Bradley,yorksarah@example.net,2025-07-05,PREMIUM
C0499,Angel Powers,corey97@example.com,2024-08-15,REGULAR
C0500,Matthew Garcia,mcculloughlouis@example.com,2024-05-18,VIP
