item_id,order_id,product_id,quantity,unit_price,discount_percent
1,O00039,P0385,0,1671.11,21
2,O00497,P0143,0,2583.95,35
3,O00330,P0194,0,4103.81,5
4,O00236,P0228,0,2295.68,31
5,O00229,P0162,0,4905.29,47
6,O00335,P0010,0,2076.85,2
7,O00286,P0282,0,4146.95,50
8,O00310,P0494,0,3223.94,32
9,O00288,P0106,0,4756.74,23
10,O00423,P0028,0,4237.16,21
11,O00287,P0393,0,3039.76,45
12,O00337,P0187,0,658.71,48
13,O00338,P0114,0,1772.65,40
14,O00494,P0410,0,2783.68,23
15,O00360,P0055,0,4494.7,31
16,O00072,P0421,0,624.11,39
17,O00101,P0097,0,4658.06,25
18,O00111,P0235,0,3612.26,6
19,O00388,P0213,0,4640.47,43
20,O00302,P0064,0,2341.2,37
21,O00490,P0259,0,4822.89,0
22,O00272,P0377,0,2810.81,27
23,O00430,P0300,0,4629.42,49
24,O00472,P0467,0,3489.91,11
25,O00375,P0418,0,607.41,42
26,O00308,P0311,0,2570.14,24
27,O00215,P0312,0,1440.62,21
28,O00497,P0151,0,4043.5,8
29,O00212,P0309,0,1564.67,44
30,O00281,P0441,0,3588.18,35
31,O00324,P0112,4,1127.59,45
32,O00149,P0352,6,4613.84,8
33,O00364,P0333,3,2569.08,44
34,O00327,P0166,2,3827.8,35
35,O00246,P0299,10,4719.1,45
36,O00214,P0346,9,1501.05,27
37,O00414,P0007,9,621.71,24
38,O00075,P0028,1,1079.52,48
39,O00403,P0083,5,3448.61,9
40,O00430,P0032,5,1099.6,34
41,O00017,P0184,8,602.15,43
42,O00379,P0288,4,3737.82,35
43,O00200,P0122,9,3943.11,44
44,O00148,P0355,1,4639.78,24
45,O00214,P0490,6,4832.58,3
46,O00007,P0381,5,1095.13,49
47,O00441,P0446,8,4166.92,40
48,O00361,P0364,6,3800.03,34
49,O00379,P0309,4,3903.12,12
50,O00151,P0230,3,4918.92,4
51,O00096,P0493,3,3701.89,7
52,O00194,P0021,7,1467.65,16
53,O00067,P0083,10,4245.47,0
54,O00170,P0239,3,295.71,20
55,O00306,P0027,10,4231.39,19
56,O00252,P0405,10,2795.78,4
57,O00402,P0363,6,2674.44,11
58,O00267,P0035,9,880.92,34
59,O00275,P0207,2,1812.07,13
60,O00340,P0170,6,1867.91,13
61,O00487,P0386,10,2699.44,35
62,O00422,P0386,1,662.14,22
63,O00229,P0124,10,4601.18,15
64,O00491,P0021,6,1968.73,50
65,O00484,P0059,7,1357.29,46
66,O00145,P0013,9,4128.33,23
67,O00264,P0412,9,2283.23,2
68,O00152,P0460,4,1669.53,5
69,O00486,P0050,3,4860.98,49
70,O00276,P0274,1,3171.97,13
71,O00344,P0323,4,4338.26,27
72,O00428,P0054,4,2735.0,44
73,O00450,P0500,7,3268.15,4
74,O00383,P0352,3,216.39,45
75,O00170,P0020,2,458.92,11
76,O00407,P0129,9,445.17,14
77,O00467,P0133,7,2001.36,40
78,O00208,P0222,6,182.77,43
79,O00061,P0274,1,3242.97,39
80,O00033,P0388,10,323.03,4
81,O00184,P0476,9,620.06,50
82,O00352,P0155,10,523.88,48
83,O00475,P0225,7,2036.05,42
84,O00016,P0243,3,2713.99,8
85,O00383,P0201,9,1545.39,40
86,O00074,P0153,6,4791.22,0
87,O00284,P0448,9,792.73,2
88,O00003,P0294,10,2031.0,35
89,O00485,P0044,5,1129.26,47
90,O00463,P0372,6,1137.51,41
91,O00436,P0263,3,888.68,14
92,O00316,P0428,5,1052.2,11
93,O00344,P0410,10,4276.03,48
94,O00478,P0282,8,3258.91,4
95,O00149,P0344,2,1328.37,12
96,O00372,P0298,8,4762.55,22
97,O00066,P0344,4,590.22,39
98,O00036,P0461,4,1657.15,28
99,O00169,P0316,5,3497.94,9
100,O00290,P0291,6,4057.73,27
101,O00087,P0003,6,1306.26,14
102,O00365,P0379,7,1455.73,23
103,O00069,P0348,6,4401.64,29
104,O00229,P0184,5,2486.16,6
105,O00090,P0331,10,501.67,17
106,O00440,P0424,3,4467.36,12
107,O00135,P0376,2,3664.38,1
108,O00435,P0260,1,4081.95,37
109,O00208,P0394,10,1142.53,2
110,O00283,P0134,9,4480.53,34
111,O00242,P0335,3,1892.51,14
112,O00457,P0396,10,3692.81,18
113,O00069,P0238,9,2601.02,25
114,O00187,P0258,1,3347.12,39
115,O00351,P0085,9,787.82,10
116,O00092,P0290,10,3331.13,9
117,O00377,P0375,8,4701.96,2
118,O00113,P0390,8,1235.57,16
119,O00190,P0120,1,3376.07,33
120,O00465,P0406,6,2001.66,29
121,O00452,P0024,1,4904.89,20
122,O00053,P0361,9,3204.48,17
123,O00428,P0380,5,2935.29,36
124,O00090,P0193,7,1889.95,41
125,O00460,P0428,2,2631.65,24
126,O00499,P0465,4,2630.22,22
127,O00419,P0445,6,2485.62,30
128,O00455,P0310,1,2559.0,8
129,O00226,P0085,4,477.73,41
130,O00144,P0109,3,1015.84,23
131,O00309,P0368,2,3339.44,26
132,O00416,P0170,2,2459.43,30
133,O00246,P0108,10,890.11,26
134,O00012,P0125,1,726.64,37
135,O00083,P0069,9,292.04,36
136,O00076,P0029,3,1365.47,11
137,O00265,P0491,7,3036.85,36
138,O00327,P0010,5,4741.54,13
139,O00230,P0311,8,4349.78,10
140,O00113,P0426,7,3044.11,50
141,O00299,P0421,3,3153.74,32
142,O00136,P0086,6,4619.52,38
143,O00303,P0036,4,1953.24,8
144,O00056,P0009,4,2661.29,32
145,O00351,P0215,3,3067.0,11
146,O00244,P0462,10,3039.09,50
147,O00273,P0258,2,556.63,42
148,O00067,P0462,10,2742.5,0
149,O00460,P0481,7,2658.02,23
150,O00448,P0023,9,2201.89,30
151,O00405,P0394,7,1817.54,47
152,O00465,P0390,10,578.81,8
153,O00131,P0245,4,4559.42,5
154,O00146,P0307,9,2102.37,12
155,O00003,P0364,1,2932.14,7
156,O00267,P0004,7,3307.28,44
157,O00412,P0162,7,1875.12,9
158,O00219,P0334,10,1342.8,34
159,O00217,P0290,6,3098.22,43
160,O00204,P0387,4,2124.82,50
161,O00286,P0248,3,1914.04,35
162,O00248,P0130,5,2930.49,49
163,O00362,P0204,3,4289.49,42
164,O00061,P0383,4,2288.31,44
165,O00487,P0083,2,1150.84,25
166,O00403,P0174,9,3108.72,43
167,O00362,P0027,3,2006.61,40
168,O00003,P0412,2,4133.95,30
169,O00475,P0308,7,531.89,16
170,O00114,P0190,2,3084.24,46
171,O00197,P0477,7,3108.43,33
172,O00147,P0365,10,381.57,49
173,O00420,P0090,8,2250.96,12
174,O00436,P0337,9,1501.43,2
175,O00402,P0307,9,2627.49,14
176,O00315,P0087,1,1862.73,41
177,O00001,P0500,3,525.53,17
178,O00400,P0205,6,3381.34,25
179,O00301,P0103,9,175.3,45
180,O00036,P0471,2,2793.0,46
181,O00425,P0287,10,1805.67,17
182,O00116,P0311,4,2328.32,25
183,O00295,P0003,5,957.67,32
184,O00055,P0287,2,2565.53,21
185,O00485,P0060,9,4787.88,34
186,O00417,P0407,10,1325.69,28
187,O00495,P0194,10,2469.79,15
188,O00388,P0174,8,3439.81,37
189,O00442,P0015,8,669.71,4
190,O00196,P0325,4,3416.87,14
191,O00410,P0162,7,4781.68,33
192,O00275,P0005,5,1316.46,5
193,O00205,P0345,6,472.54,11
194,O00244,P0161,6,1170.97,36
195,O00138,P0094,4,2545.1,12
196,O00121,P0377,4,4376.44,13
197,O00118,P0104,4,4198.04,22
198,O00080,P0399,2,687.4,5
199,O00347,P0490,8,3107.75,48
200,O00439,P0278,1,4255.25,23
201,O00318,P0162,8,4500.79,36
202,O00445,P0141,8,996.07,48
203,O00469,P0262,5,2049.61,48
204,O00296,P0066,1,2676.1,27
205,O00245,P0482,9,259.56,22
206,O00202,P0441,3,2340.26,7
207,O00358,P0266,8,1646.69,0
208,O00007,P0346,4,1959.2,6
209,O00167,P0186,10,4323.03,11
210,O00281,P0135,4,1420.1,39
211,O00176,P0188,3,2543.97,13
212,O00215,P0359,6,1888.88,25
213,O00144,P0231,3,2899.91,36
214,O00352,P0118,2,3632.0,15
215,O00285,P0222,7,1060.71,47
216,O00077,P0243,1,965.38,31
217,O00069,P0458,9,2716.51,20
218,O00403,P0250,5,1329.77,36
219,O00025,P0204,2,3483.66,3
220,O00111,P0417,5,2435.04,40
221,O00050,P0231,6,1372.87,23
222,O00287,P0286,5,1786.29,26
223,O00063,P0180,10,1074.89,36
224,O00333,P0333,9,955.24,49
225,O00146,P0182,6,3398.64,31
226,O00397,P0378,8,4459.2,24
227,O00315,P0147,8,3195.39,9
228,O00445,P0086,6,2166.9,39
229,O00293,P0208,2,487.65,21
230,O00117,P0161,6,3299.76,45
231,O00137,P0310,7,1429.12,28
232,O00400,P0442,6,3764.69,33
233,O00495,P0231,7,919.86,1
234,O00065,P0373,4,3343.91,47
235,O00359,P0384,2,1131.8,25
236,O00053,P0049,2,4690.29,30
237,O00281,P0028,1,3877.58,33
238,O00392,P0043,2,1386.02,9
239,O00044,P0336,7,1615.92,15
240,O00378,P0146,8,3169.76,8
241,O00270,P0430,3,240.0,42
242,O00183,P0441,6,4334.78,29
243,O00500,P0446,9,4680.8,35
244,O00228,P0070,9,967.48,38
245,O00234,P0324,10,2231.39,40
246,O00328,P0274,5,4553.72,30
247,O00277,P0117,2,2265.12,23
248,O00212,P0134,3,1587.51,0
249,O00268,P0418,3,1785.04,30
250,O00274,P0005,8,4740.09,30
251,O00154,P0005,7,4010.03,38
252,O00119,P0408,1,2786.24,12
253,O00211,P0452,9,2241.82,15
254,O00084,P0367,7,4159.29,14
255,O00135,P0041,7,3164.08,33
256,O00392,P0410,10,4057.12,43
257,O00140,P0146,9,4063.16,26
258,O00097,P0437,2,993.8,18
259,O00057,P0327,8,3126.87,17
260,O00359,P0319,8,1020.17,1
261,O00078,P0026,9,208.44,6
262,O00145,P0138,3,3604.46,46
263,O00005,P0120,2,838.35,31
264,O00112,P0176,7,1626.73,31
265,O00191,P0238,1,1718.22,48
266,O00488,P0075,1,1405.87,25
267,O00037,P0279,8,989.86,16
268,O00419,P0196,1,697.61,49
269,O00366,P0128,7,3879.0,28
270,O00127,P0378,1,1075.98,47
271,O00395,P0049,9,3363.44,13
272,O00243,P0200,5,4687.45,10
273,O00323,P0373,1,3749.15,35
274,O00267,P0063,5,2458.03,19
275,O00102,P0185,1,4331.92,13
276,O00499,P0058,4,3201.25,20
277,O00008,P0086,5,2965.01,25
278,O00405,P0125,1,4847.29,37
279,O00402,P0354,8,3473.19,9
280,O00191,P0395,2,1318.74,31
281,O00047,P0352,10,1758.27,48
282,O00321,P0031,1,1842.04,9
283,O00360,P0275,2,716.55,14
284,O00163,P0286,6,4047.07,28
285,O00376,P0099,1,3477.32,22
286,O00371,P0069,5,4503.45,31
287,O00362,P0225,9,1544.1,44
288,O00251,P0098,10,1014.47,22
289,O00166,P0375,8,1449.09,38
290,O00469,P0441,9,885.68,33
291,O00080,P0231,5,4115.15,34
292,O00188,P0233,1,3902.0,32
293,O00195,P0376,3,4426.37,39
294,O00439,P0187,10,1270.05,46
295,O00033,P0338,9,4113.34,12
296,O00269,P0350,8,3852.1,9
297,O00314,P0145,6,2108.04,20
298,O00057,P0050,9,3328.57,2
299,O00428,P0481,3,975.33,2
300,O00104,P0055,8,1038.92,2
301,O00293,P0329,7,3323.81,33
302,O00320,P0360,10,1354.1,23
303,O00114,P0311,2,164.12,13
304,O00336,P0252,2,2393.49,40
305,O00032,P0185,9,3743.04,26
306,O00421,P0189,1,4135.85,17
307,O00271,P0021,2,4188.84,4
308,O00484,P0111,9,575.88,46
309,O00119,P0273,7,1028.36,33
310,O00337,P0128,10,3164.09,11
311,O00286,P0384,9,2134.4,6
312,O00393,P0327,10,1854.02,29
313,O00360,P0341,7,4425.84,10
314,O00406,P0093,9,2067.63,21
315,O00337,P0081,9,4992.32,28
316,O00478,P0181,6,2795.4,20
317,O00433,P0191,7,3844.5,27
318,O00423,P0372,6,3081.23,36
319,O00280,P0110,7,3851.97,47
320,O00131,P0185,8,2292.75,25
321,O00001,P0372,1,4916.49,38
322,O00009,P0266,3,4967.72,19
323,O00004,P0154,4,1152.63,20
324,O00012,P0396,5,4603.65,32
325,O00285,P0293,10,858.1,2
326,O00236,P0183,3,778.2,23
327,O00456,P0299,4,1241.67,19
328,O00048,P0293,7,2888.42,13
329,O00376,P0040,6,3985.23,11
330,O00250,P0423,10,4115.62,6
331,O00305,P0329,5,283.12,36
332,O00196,P0041,1,4617.17,21
333,O00179,P0451,7,2140.96,7
334,O00446,P0395,4,3763.63,38
335,O00476,P0006,7,365.23,33
336,O00022,P0164,9,2868.07,20
337,O00258,P0358,4,850.67,43
338,O00375,P0202,8,3788.92,36
339,O00259,P0047,4,2216.48,50
340,O00202,P0076,3,1747.22,30
341,O00293,P0382,1,2785.95,16
342,O00044,P0205,9,2229.01,44
343,O00067,P0391,3,2456.52,12
344,O00250,P0203,10,1060.89,39
345,O00377,P0269,4,1287.34,17
346,O00398,P0221,6,3455.22,36
347,O00046,P0058,7,2175.35,22
348,O00098,P0165,6,3010.0,1
349,O00395,P0157,3,4939.49,39
350,O00421,P0412,8,3153.59,28
351,O00023,P0474,4,1078.46,23
352,O00080,P0388,2,650.62,3
353,O00125,P0486,10,4640.98,18
354,O00008,P0176,2,1595.08,30
355,O00012,P0170,4,3726.06,13
356,O00105,P0280,9,3776.74,35
357,O00248,P0319,3,3505.85,42
358,O00010,P0193,10,4539.6,33
359,O00023,P0131,3,394.54,12
360,O00405,P0357,10,1429.28,29
361,O00336,P0484,1,426.33,42
362,O00139,P0340,6,4334.98,1
363,O00150,P0445,7,1232.73,24
364,O00261,P0364,2,4528.97,31
365,O00444,P0306,9,531.3,12
366,O00257,P0495,8,2847.37,45
367,O00012,P0021,4,4619.12,19
368,O00171,P0251,7,3747.51,1
369,O00178,P0351,6,1841.35,19
370,O00121,P0257,5,4078.28,40
371,O00132,P0450,7,4462.97,1
372,O00484,P0285,5,1205.36,21
373,O00460,P0202,3,530.2,24
374,O00267,P0492,10,4376.24,43
375,O00117,P0214,4,2907.2,27
376,O00497,P0160,10,1713.5,34
377,O00068,P0106,3,2947.05,43
378,O00410,P0104,3,1614.09,45
379,O00461,P0269,3,2207.32,49
380,O00075,P0336,10,4593.85,20
381,O00035,P0286,9,4748.15,7
382,O00095,P0163,3,3662.69,48
383,O00164,P0451,7,4809.86,19
384,O00227,P0382,5,844.59,12
385,O00055,P0068,3,228.37,39
386,O00316,P0137,10,2878.51,14
387,O00306,P0119,4,3468.15,22
388,O00041,P0353,8,757.02,38
389,O00241,P0365,6,1001.48,24
390,O00252,P0243,3,902.55,14
391,O00017,P0210,1,4634.63,26
392,O00114,P0381,4,3813.11,4
393,O00091,P0475,8,4348.93,31
394,O00353,P0167,8,4449.18,27
395,O00208,P0398,1,3078.86,24
396,O00369,P0161,7,3096.37,47
397,O00293,P0305,9,2673.63,45
398,O00403,P0020,9,635.65,29
399,O00424,P0450,1,4401.12,15
400,O00266,P0276,7,4920.77,2
401,O00286,P0199,9,3849.28,3
402,O00098,P0150,8,2050.4,19
403,O00397,P0424,5,2360.6,27
404,O00151,P0314,1,3480.77,9
405,O00238,P0425,8,543.16,32
406,O00058,P0093,10,4695.43,44
407,O00280,P0070,7,2126.44,28
408,O00013,P0092,8,2992.55,45
409,O00459,P0104,8,541.88,20
410,O00355,P0333,3,3620.04,7
411,O00047,P0059,8,3206.95,5
412,O00269,P0363,7,3661.68,32
413,O00314,P0487,3,1955.53,24
414,O00023,P0394,3,4570.04,36
415,O00447,P0338,3,894.41,9
416,O00092,P0394,1,2155.95,19
417,O00374,P0394,8,1515.02,11
418,O00061,P0461,3,4806.13,0
419,O00319,P0392,5,159.82,31
420,O00438,P0256,9,4056.53,38
421,O00452,P0253,4,1162.68,42
422,O00244,P0233,7,2265.19,38
423,O00308,P0004,4,4422.62,17
424,O00318,P0322,9,4118.59,13
425,O00026,P0095,3,369.81,22
426,O00019,P0075,1,3368.28,38
427,O00153,P0170,2,340.25,26
428,O00092,P0083,5,3094.34,44
429,O00359,P0305,10,3957.81,11
430,O00495,P0234,10,1864.92,2
431,O00048,P0394,5,1681.83,24
432,O00420,P0035,7,4232.22,4
433,O00150,P0242,3,697.91,17
434,O00169,P0270,7,2670.77,44
435,O00108,P0314,1,635.58,46
436,O00323,P0271,2,2469.95,44
437,O00310,P0479,5,2192.56,20
438,O00133,P0270,10,4975.62,22
439,O00475,P0067,10,2856.91,33
440,O00374,P0324,8,2513.27,11
441,O00453,P0313,4,3572.08,12
442,O00001,P0061,1,2377.94,50
443,O00061,P0378,4,4017.87,26
444,O00212,P0024,6,1813.29,40
445,O00109,P0006,4,3481.08,16
446,O00405,P0035,5,1571.39,35
447,O00166,P0393,1,657.8,21
448,O00175,P0203,10,3118.37,1
449,O00427,P0090,4,1719.52,21
450,O00473,P0345,8,4589.2,2
451,O00331,P0070,8,861.39,29
452,O00457,P0443,9,4490.05,29
453,O00402,P0417,7,4646.17,3
454,O00428,P0267,5,2868.22,43
455,O00162,P0285,9,191.72,36
456,O00351,P0170,6,424.44,9
457,O00144,P0431,1,1761.85,24
458,O00321,P0274,3,2897.81,24
459,O00096,P0305,2,4336.51,48
460,O00158,P0362,6,3578.22,17
461,O00212,P0045,8,4397.54,23
462,O00232,P0425,5,1159.09,19
463,O00090,P0058,6,3946.23,49
464,O00104,P0468,2,2274.49,1
465,O00410,P0248,9,854.98,21
466,O00473,P0248,9,1620.76,20
467,O00074,P0394,2,4128.48,33
468,O00347,P0068,4,3650.4,29
469,O00199,P0366,9,667.6,19
470,O00478,P0023,10,4372.19,21
471,O00240,P0456,1,605.2,49
472,O00338,P0382,5,210.15,48
473,O00160,P0328,4,1672.31,12
474,O00147,P0142,9,1663.83,28
475,O00344,P0061,5,831.67,17
476,O00059,P0008,10,2842.17,6
477,O00106,P0278,6,2791.89,17
478,O00073,P0483,5,2913.01,10
479,O00037,P0160,10,4471.99,34
480,O00228,P0026,3,242.06,43
481,O00026,P0055,7,363.62,27
482,O00201,P0092,10,4467.25,40
483,O00429,P0354,8,3119.95,19
484,O00171,P0419,4,3593.2,42
485,O00415,P0274,2,4871.04,48
486,O00392,P0239,10,745.8,44
487,O00240,P0050,8,1620.92,41
488,O00364,P0393,8,2405.67,14
489,O00074,P0441,10,1364.46,23
490,O00201,P0094,6,3965.02,20
491,O00233,P0250,1,420.29,7
492,O00180,P0246,8,4244.25,18
493,O00394,P0179,10,2915.92,32
494,O00053,P0208,2,1696.76,41
495,O00037,P0406,5,2710.45,25
496,O00303,P0212,4,3142.29,35
497,O00082,P0499,8,1980.7,21
498,O00107,P0417,10,2212.63,27
499,O00291,P0404,6,2768.18,15
500,O00089,P0340,2,3722.9,45
501,O00294,P0429,8,660.18,38
502,O00238,P0167,9,578.5,28
503,O00091,P0158,7,441.08,6
504,O00351,P0417,10,3879.58,24
505,O00168,P0254,1,543.61,8
506,O00455,P0298,1,3809.68,42
507,O00077,P0232,9,1528.37,39
508,O00296,P0229,4,1107.74,20
509,O00154,P0292,5,4600.66,27
510,O00368,P0469,6,4952.42,37
511,O00005,P0314,9,2080.57,8
512,O00437,P0151,1,1909.19,35
513,O00496,P0028,1,3546.44,22
514,O00057,P0441,5,4341.83,15
515,O00222,P0360,10,2031.91,20
516,O00365,P0196,7,1969.67,34
517,O00109,P0340,3,2426.87,12
518,O00285,P0197,6,4215.82,9
519,O00148,P0447,3,757.96,4
520,O00332,P0009,3,3634.56,31
521,O00337,P0224,3,514.85,41
522,O00413,P0213,8,4478.55,44
523,O00310,P0477,7,3153.92,29
524,O00261,P0218,9,4118.35,24
525,O00182,P0116,3,2181.38,0
526,O00296,P0256,4,3589.44,17
527,O00211,P0475,9,2924.13,2
528,O00020,P0291,8,3553.92,7
529,O00298,P0247,2,796.23,46
530,O00270,P0440,5,2378.19,5
531,O00268,P0456,10,533.39,30
532,O00323,P0380,2,3451.96,34
533,O00409,P0297,5,3103.89,21
534,O00274,P0399,1,2397.46,32
535,O00464,P0241,10,3695.69,26
536,O00181,P0492,5,1517.12,2
537,O00356,P0473,10,3772.18,46
538,O00402,P0289,5,400.95,30
539,O00297,P0087,10,352.94,18
540,O00415,P0378,10,233.76,31
541,O00043,P0065,9,476.63,50
542,O00143,P0130,3,3117.41,17
543,O00440,P0132,1,3733.0,38
544,O00090,P0466,10,3720.94,42
545,O00229,P0190,3,1380.14,44
546,O00121,P0249,3,4016.92,2
547,O00176,P0044,3,3018.17,9
548,O00429,P0254,7,3874.8,15
549,O00339,P0226,3,1133.2,46
550,O00432,P0177,1,3247.08,48
551,O00420,P0060,1,921.24,25
552,O00244,P0155,8,3756.14,48
553,O00473,P0273,4,1961.02,45
554,O00200,P0243,5,811.23,27
555,O00007,P0148,8,1971.82,20
556,O00493,P0272,1,577.09,34
557,O00327,P0182,7,3091.38,41
558,O00440,P0140,6,1424.6,6
559,O00131,P0336,10,2016.65,49
560,O00346,P0384,4,3698.14,37
561,O00395,P0100,9,1753.29,44
562,O00093,P0161,9,151.83,0
563,O00426,P0035,1,2115.12,33
564,O00054,P0351,8,1822.43,46
565,O00146,P0129,4,266.8,39
566,O00048,P0030,10,3317.37,13
567,O00487,P0307,2,3569.57,7
568,O00045,P0439,10,736.55,42
569,O00392,P0461,10,4035.68,11
570,O00459,P0057,3,1341.35,29
571,O00339,P0480,2,3230.02,17
572,O00394,P0219,6,1360.95,49
573,O00038,P0142,1,1975.72,21
574,O00031,P0133,5,971.85,4
575,O00252,P0476,4,3090.48,11
576,O00331,P0252,2,804.98,49
577,O00221,P0112,10,3252.36,28
578,O00367,P0133,2,270.82,4
579,O00293,P0373,5,3908.46,1
580,O00460,P0255,3,3299.04,0
581,O00478,P0020,7,1405.54,44
582,O00169,P0464,7,2915.74,32
583,O00363,P0482,8,2442.88,25
584,O00433,P0373,2,2746.63,0
585,O00197,P0489,8,693.9,34
586,O00479,P0184,6,3441.0,25
587,O00029,P0324,2,1890.24,21
588,O00042,P0431,8,3826.22,18
589,O00332,P0104,3,2816.93,24
590,O00339,P0098,5,3509.82,6
591,O00323,P0353,6,2483.87,40
592,O00225,P0377,4,785.72,12
593,O00013,P0369,10,1268.58,24
594,O00033,P0406,9,3252.7,31
595,O00274,P0495,8,4836.21,1
596,O00019,P0174,1,1754.82,46
597,O00022,P0208,2,1137.22,41
598,O00342,P0268,8,4706.44,34
599,O00077,P0380,10,1241.63,4
600,O00019,P0377,3,2495.58,1
601,O00242,P0465,10,324.43,44
602,O00333,P0067,1,944.02,3
603,O00464,P0158,2,2335.3,10
604,O00428,P0303,2,4107.22,6
605,O00059,P0255,10,4015.96,14
606,O00033,P0412,4,2188.44,47
607,O00348,P0206,6,691.93,43
608,O00295,P0280,3,1675.79,50
609,O00110,P0392,1,3006.12,21
610,O00033,P0062,5,792.06,26
611,O00087,P0357,6,2811.7,28
612,O00125,P0474,10,299.42,6
613,O00406,P0434,10,1943.04,10
614,O00009,P0451,8,495.54,0
615,O00092,P0475,2,3563.03,37
616,O00455,P0146,7,3498.17,50
617,O00396,P0244,3,1110.19,40
618,O00139,P0268,8,2118.95,11
619,O00313,P0355,1,3021.73,45
620,O00256,P0314,2,3173.24,50
621,O00155,P0179,7,122.39,15
622,O00099,P0061,9,4886.28,39
623,O00186,P0442,9,2586.95,29
624,O00395,P0321,4,1454.49,12
625,O00058,P0408,3,3457.69,30
626,O00255,P0091,3,3383.7,2
627,O00028,P0331,6,1496.82,27
628,O00129,P0172,10,4045.25,48
629,O00233,P0023,2,3728.04,34
630,O00091,P0081,1,2476.8,7
631,O00037,P0459,4,3634.88,37
632,O00297,P0167,7,1073.88,43
633,O00460,P0167,4,3916.98,20
634,O00117,P0051,4,3714.96,12
635,O00193,P0457,4,460.3,37
636,O00249,P0028,7,810.21,39
637,O00233,P0092,7,1930.08,29
638,O00369,P0100,6,4880.22,12
639,O00172,P0066,1,3491.83,3
640,O00144,P0070,2,4273.09,29
641,O00215,P0088,6,1177.28,18
642,O00310,P0081,10,4537.33,36
643,O00497,P0284,4,523.72,33
644,O00251,P0442,4,2998.75,29
645,O00143,P0008,7,3707.28,15
646,O00127,P0168,7,2939.39,37
647,O00485,P0077,10,4501.43,26
648,O00023,P0021,8,3694.03,32
649,O00018,P0218,9,2032.17,44
650,O00421,P0051,8,2526.9,5
651,O00286,P0386,1,3496.48,26
652,O00487,P0112,3,1856.19,15
653,O00332,P0047,1,2450.94,19
654,O00083,P0361,8,4303.82,47
655,O00299,P0013,8,2372.43,8
656,O00448,P0361,7,1006.23,23
657,O00321,P0238,1,4315.87,4
658,O00198,P0458,6,2701.51,18
659,O00219,P0386,5,3520.47,39
660,O00278,P0295,4,3959.69,5
661,O00318,P0451,6,3705.23,3
662,O00264,P0485,6,4451.09,7
663,O00197,P0188,8,3133.75,23
664,O00188,P0090,9,3553.88,35
665,O00364,P0397,4,778.19,21
666,O00123,P0277,2,3280.29,47
667,O00481,P0386,10,4368.54,44
668,O00108,P0386,4,1670.27,17
669,O00258,P0349,7,1458.01,4
670,O00191,P0177,8,2482.51,33
671,O00425,P0063,8,3578.14,43
672,O00423,P0273,5,2314.69,23
673,O00410,P0345,2,1022.93,29
674,O00045,P0042,7,4499.93,18
675,O00491,P0490,2,635.89,17
676,O00058,P0357,3,2532.01,13
677,O00267,P0488,1,1536.53,43
678,O00278,P0478,3,2422.13,26
679,O00228,P0378,1,1528.43,4
680,O00012,P0447,4,4191.24,33
681,O00331,P0172,7,2935.65,41
682,O00331,P0403,6,2482.13,42
683,O00357,P0272,9,2281.76,19
684,O00291,P0068,5,941.51,16
685,O00117,P0248,6,4856.55,49
686,O00433,P0025,3,1830.29,29
687,O00490,P0086,10,4628.25,45
688,O00275,P0147,3,4868.71,45
689,O00355,P0464,3,890.15,7
690,O00022,P0163,10,719.72,16
691,O00190,P0095,4,2856.19,2
692,O00341,P0163,6,824.93,28
693,O00277,P0500,3,2714.85,7
694,O00472,P0013,7,4662.24,49
695,O00075,P0486,8,4646.28,9
696,O00003,P0497,9,4880.45,21
697,O00332,P0362,5,2422.16,18
698,O00497,P0484,10,3367.75,36
699,O00374,P0465,8,1759.55,7
700,O00375,P0246,1,783.17,35
701,O00060,P0158,1,2067.99,14
702,O00229,P0183,2,1699.2,38
703,O00329,P0100,10,2679.53,50
704,O00480,P0393,5,1059.01,5
705,O00276,P0435,8,3417.61,5
706,O00500,P0263,7,1052.81,20
707,O00309,P0310,9,4722.67,42
708,O00185,P0204,3,3608.22,27
709,O00190,P0198,6,159.73,22
710,O00180,P0158,8,4384.08,5
711,O00111,P0373,8,3733.49,26
712,O00412,P0227,5,902.57,46
713,O00497,P0460,7,3670.17,26
714,O00072,P0428,10,3029.88,9
715,O00107,P0156,8,4943.07,33
716,O00172,P0034,10,3804.96,5
717,O00004,P0210,5,2131.12,35
718,O00237,P0364,10,3800.69,8
719,O00103,P0096,7,1518.37,31
720,O00022,P0422,5,4189.47,19
721,O00253,P0287,8,1200.15,50
722,O00002,P0079,5,1570.83,40
723,O00428,P0326,8,708.47,42
724,O00458,P0148,7,978.92,44
725,O00331,P0126,1,684.84,17
726,O00253,P0497,2,3034.57,23
727,O00298,P0247,10,2236.74,16
728,O00322,P0352,8,4873.87,7
729,O00192,P0263,10,185.97,16
730,O00084,P0298,1,816.07,29
731,O00450,P0355,3,1851.19,3
732,O00140,P0185,7,3217.61,22
733,O00025,P0149,5,2695.1,4
734,O00264,P0100,3,3846.98,38
735,O00386,P0086,9,1680.77,20
736,O00424,P0433,5,1430.15,44
737,O00353,P0186,2,2718.66,22
738,O00422,P0074,1,771.05,18
739,O00191,P0399,8,2118.77,10
740,O00053,P0112,3,2566.58,12
741,O00408,P0460,9,3105.8,33
742,O00434,P0273,9,3541.1,7
743,O00214,P0236,2,671.17,8
744,O00473,P0009,8,1806.23,44
745,O00186,P0072,8,4459.66,38
746,O00268,P0391,6,943.82,19
747,O00015,P0382,2,1189.55,44
748,O00073,P0353,4,1606.4,13
749,O00067,P0041,7,3485.01,50
750,O00058,P0040,1,3895.99,48
751,O00221,P0022,4,628.31,50
752,O00338,P0263,10,390.4,7
753,O00466,P0130,1,424.61,42
754,O00006,P0387,2,3933.62,38
755,O00106,P0301,4,1005.43,22
756,O00015,P0047,3,4244.72,17
757,O00486,P0297,6,1825.8,32
758,O00400,P0374,10,1284.93,36
759,O00035,P0051,10,3839.9,33
760,O00112,P0367,4,4824.89,10
761,O00462,P0387,9,121.21,46
762,O00051,P0474,4,4610.34,45
763,O00244,P0188,10,1007.12,43
764,O00491,P0055,3,4190.24,24
765,O00218,P0110,9,1215.02,7
766,O00390,P0161,2,2382.92,33
767,O00070,P0254,6,3553.18,35
768,O00370,P0021,2,1707.77,7
769,O00198,P0146,8,3041.91,19
770,O00352,P0500,8,1206.78,26
771,O00149,P0438,7,1025.05,4
772,O00459,P0431,8,4701.5,23
773,O00092,P0007,8,3393.27,25
774,O00225,P0268,2,684.17,25
775,O00206,P0356,10,4890.1,47
776,O00474,P0457,3,417.08,12
777,O00174,P0103,10,4235.74,25
778,O00063,P0120,7,3653.48,17
779,O00392,P0366,10,3008.88,48
780,O00405,P0411,7,1844.88,42
781,O00309,P0487,7,4938.86,32
782,O00143,P0076,8,629.38,16
783,O00251,P0255,4,3179.02,8
784,O00016,P0051,1,4168.53,31
785,O00348,P0014,3,1974.9,43
786,O00168,P0079,5,3147.64,6
787,O00390,P0040,9,3861.1,50
788,O00239,P0104,5,3344.26,31
789,O00259,P0134,9,1783.72,34
790,O00280,P0010,1,4954.49,7
791,O00197,P0231,6,4279.08,28
792,O00236,P0019,1,966.66,42
793,O00441,P0400,5,4435.03,10
794,O00252,P0221,3,1631.05,24
795,O00250,P0392,2,2887.39,31
796,O00338,P0284,9,2903.83,30
797,O00288,P0438,3,2582.76,25
798,O00135,P0254,10,4857.27,39
799,O00347,P0181,5,1670.37,1
800,O00303,P0024,3,4200.98,22
801,O00415,P0380,10,231.81,40
802,O00175,P0195,2,2197.93,22
803,O00211,P0180,1,3340.08,15
804,O00121,P0332,5,3003.41,44
805,O00034,P0445,5,660.91,10
806,O00011,P0276,6,283.15,42
807,O00443,P0217,10,2622.32,26
808,O00137,P0011,8,2981.15,20
809,O00194,P0293,7,1679.86,6
810,O00414,P0251,2,3485.23,13
811,O00173,P0255,9,4076.14,42
812,O00174,P0086,10,1567.65,27
813,O00104,P0255,2,4217.86,34
814,O00110,P0148,5,332.9,36
815,O00206,P0412,4,3160.4,5
816,O00368,P0433,10,564.19,21
817,O00140,P0035,10,4025.81,30
818,O00219,P0108,6,3998.69,41
819,O00422,P0155,9,4040.22,27
820,O00340,P0277,6,1080.38,25
821,O00129,P0320,9,2320.82,48
822,O00281,P0093,1,3176.44,33
823,O00442,P0096,10,2546.1,42
824,O00493,P0422,8,1412.89,40
825,O00273,P0415,10,4278.6,27
826,O00479,P0290,1,2659.12,23
827,O00237,P0076,4,837.32,43
828,O00392,P0154,7,2110.28,4
829,O00325,P0105,7,1407.98,18
830,O00331,P0083,5,3465.59,15
831,O00208,P0123,2,834.82,1
832,O00126,P0409,5,2374.38,35
833,O00224,P0217,1,1089.75,17
834,O00070,P0015,5,3969.38,17
835,O00338,P0282,3,3257.04,2
836,O00494,P0370,8,3932.95,3
837,O00441,P0460,2,1638.13,19
838,O00444,P0033,7,4494.19,42
839,O00337,P0454,2,2044.79,46
840,O00432,P0072,4,648.47,47
841,O00257,P0478,2,2657.59,37
842,O00487,P0397,9,1333.86,5
843,O00122,P0308,2,3888.64,20
844,O00169,P0427,10,3712.46,47
845,O00381,P0121,7,1168.24,6
846,O00090,P0110,5,2253.43,16
847,O00442,P0302,1,2502.76,23
848,O00359,P0486,2,1650.8,27
849,O00244,P0350,4,4820.25,50
850,O00480,P0075,6,2428.59,23
851,O00421,P0158,1,3262.45,38
852,O00018,P0431,1,3484.34,50
853,O00344,P0123,5,2808.37,19
854,O00328,P0491,6,4525.47,43
855,O00063,P0274,4,4302.47,24
856,O00005,P0466,7,4644.79,16
857,O00155,P0047,4,1557.37,10
858,O00469,P0225,6,4409.39,49
859,O00330,P0209,1,1442.78,5
860,O00422,P0400,8,2408.35,26
861,O00475,P0431,6,3615.19,6
862,O00423,P0083,5,2581.04,22
863,O00216,P0309,9,3715.15,29
864,O00356,P0015,1,3242.73,11
865,O00323,P0228,3,115.07,12
866,O00322,P0157,6,2921.47,7
867,O00081,P0128,9,3596.46,49
868,O00426,P0333,3,4250.11,43
869,O00211,P0406,6,2312.3,47
870,O00069,P0134,3,3468.59,20
871,O00410,P0145,4,513.55,23
872,O00094,P0202,7,4729.31,36
873,O00115,P0011,1,4623.25,41
874,O00314,P0321,4,4543.54,29
875,O00102,P0135,3,343.94,39
876,O00220,P0308,5,831.33,23
877,O00088,P0485,10,675.02,45
878,O00270,P0223,8,4153.56,31
879,O00061,P0115,4,1033.67,50
880,O00137,P0148,8,1972.16,27
881,O00439,P0106,10,1156.28,18
882,O00373,P0347,4,2149.82,26
883,O00406,P0075,1,1521.95,16
884,O00121,P0317,8,4545.91,23
885,O00299,P0351,8,520.12,30
886,O00069,P0447,6,4874.56,25
887,O00352,P0109,7,3571.42,47
888,O00306,P0132,2,566.87,3
889,O00027,P0171,4,2407.57,22
890,O00311,P0481,10,3576.87,2
891,O00003,P0130,9,3136.32,19
892,O00203,P0344,6,747.97,35
893,O00022,P0298,3,1375.43,32
894,O00253,P0477,6,4401.69,8
895,O00046,P0163,9,2221.36,16
896,O00060,P0161,1,4894.73,31
897,O00447,P0499,5,3764.33,27
898,O00145,P0463,5,3103.36,48
899,O00475,P0136,9,1633.75,10
900,O00162,P0378,8,3842.01,9
901,O00285,P0437,8,360.79,9
902,O00028,P0118,3,275.73,16
903,O00084,P0362,8,2238.51,31
904,O00021,P0227,6,4945.21,35
905,O00249,P0235,8,651.21,46
906,O00444,P0076,2,1813.06,13
907,O00445,P0146,3,4191.27,47
908,O00261,P0422,5,2859.91,42
909,O00300,P0109,10,4990.22,0
910,O00270,P0393,10,984.79,4
911,O00127,P0394,8,3416.85,21
912,O00014,P0146,2,2031.43,37
913,O00476,P0488,2,4201.19,9
914,O00015,P0042,8,4170.43,42
915,O00246,P0233,5,3011.6,0
916,O00169,P0497,1,3315.25,28
917,O00167,P0486,10,733.67,3
918,O00411,P0330,5,1683.54,3
919,O00381,P0037,9,4764.31,24
920,O00048,P0205,5,972.25,49
921,O00444,P0205,2,200.51,13
922,O00084,P0199,7,1496.19,48
923,O00489,P0335,3,690.95,31
924,O00411,P0222,5,4528.3,38
925,O00068,P0184,2,4177.06,32
926,O00103,P0251,8,4438.52,30
927,O00138,P0289,10,2173.05,48
928,O00217,P0416,6,3107.95,27
929,O00323,P0219,2,298.15,21
930,O00499,P0238,4,3273.29,45
931,O00080,P0477,8,2683.67,41
932,O00269,P0043,5,2394.27,5
933,O00465,P0411,8,1571.93,8
934,O00351,P0463,5,4223.54,33
935,O00219,P0152,10,333.87,4
936,O00470,P0024,9,627.4,27
937,O00212,P0049,8,3338.19,36
938,O00417,P0130,6,1348.82,5
939,O00394,P0258,1,658.28,42
940,O00237,P0092,3,4230.26,2
941,O00043,P0214,5,1638.34,46
942,O00233,P0388,8,3156.67,16
943,O00175,P0495,3,1134.24,5
944,O00383,P0310,5,4370.92,6
945,O00223,P0274,1,128.65,7
946,O00007,P0088,8,2354.8,25
947,O00445,P0337,10,3656.97,19
948,O00317,P0417,10,1867.57,43
949,O00494,P0354,7,4042.74,5
950,O00065,P0070,1,1034.93,1
951,O00357,P0497,4,4309.16,13
952,O00247,P0333,3,3283.73,27
953,O00432,P0321,9,1035.48,19
954,O00395,P0238,3,2422.55,1
955,O00060,P0086,3,3720.03,28
956,O00494,P0249,8,196.18,28
957,O00300,P0125,4,1544.67,25
958,O00027,P0171,1,603.05,45
959,O00222,P0213,8,3711.68,38
960,O00375,P0284,5,281.38,25
961,O00249,P0263,10,3650.61,43
962,O00464,P0419,8,1236.34,3
963,O00271,P0010,7,2924.38,35
964,O00033,P0138,7,4456.79,7
965,O00254,P0319,6,2296.79,27
966,O00011,P0083,5,3658.42,30
967,O00177,P0225,4,2587.42,37
968,O00466,P0351,6,4616.5,45
969,O00337,P0240,3,4427.55,46
970,O00365,P0200,7,4182.1,43
971,O00335,P0377,6,4000.27,10
972,O00319,P0107,5,3484.42,5
973,O00342,P0248,3,949.13,10
974,O00311,P0252,2,3988.06,31
975,O00156,P0121,4,2828.47,1
976,O00184,P0452,5,1849.51,10
977,O00090,P0424,9,256.65,4
978,O00173,P0221,2,3126.06,7
979,O00288,P0115,8,1363.33,21
980,O00402,P0182,1,3873.46,35
981,O00137,P0459,3,4281.7,32
982,O00310,P0343,2,3561.38,28
983,O00410,P0235,2,4875.83,50
984,O00313,P0313,2,4135.69,2
985,O00260,P0054,3,3186.64,13
986,O00467,P0186,3,3668.91,45
987,O00227,P0391,9,2542.12,6
988,O00079,P0332,6,1739.58,8
989,O00063,P0435,4,2251.63,26
990,O00394,P0394,1,1302.05,30
991,O00175,P0147,9,939.18,17
992,O00191,P0367,7,1867.15,42
993,O00126,P0078,9,2166.44,14
994,O00071,P0411,7,2125.71,26
995,O00460,P0235,9,3993.58,23
996,O00484,P0016,8,813.36,0
997,O00368,P0413,9,4723.85,5
998,O00174,P0162,7,4911.53,10
999,O00223,P0032,7,3820.04,42
1000,O00473,P0329,3,4522.3,3
